BK-001,2022-08-14,2022-09-15,2022-09-16,KH-0002,SVVL-0002
BK-002,2022-08-15,2022-09-10,2022-09-12,KH-0002,SVVL-0002
BK-003,2022-09-15,2022-10-15,2022-10-16,KH-0002,SVVL-0002
BK-004,2022-08-15,2022-09-03,2022-09-02,KH-0002,SVVL-0002
BK-005,2022-10-15,2022-10-18,2022-10-22,KH-0002,SVVL-0002
BK-002,2022-08-15,2022-09-10,2022-09-21,KH-0002,SVVL-0002
đâs,2023-11-11,2023-11-11,2023-11-11,KH-0002,SVVL-0002
đá,2023-11-11,2023-11-11,2023-11-11,KH-0002,SVVL-0002
ádasd,2023-11-11,2023-11-11,2023-11-11,KH-0002,SVVL-0002
sdsad,2000-11-11,2000-11-11,2000-11-11,KH-0002,SVVL-0002
sdsadasd,2023-11-11,2023-11-11,2023-11-11,KH-0002,SVVL-0002
dsad,2023-11-11,2023-11-11,2023-11-11,KH-0002,SVVL-0002
